author_id,text,,,,,,,,,,,,,,,,,,,,,,,,,,,,,,,,,,,,,
8.67E+17,"Good news, Trump voters! Indications are if you catch COVID-19 (coronavirus), Trump will do whatever he can to prevent you from getting treatment, to keep your statistic from going onto his permanent record.",,,,,,,,,,,,,,,,,,,,,,,,,,,,,,,,,,,,,
1.22E+18,@antoniiogarza21,,,,,,,,,,,,,,,,,,,,,,,,,,,,,,,,,,,,,
21427953,"I will get angry at the person who is like ""you'll be fine if you get corona"" that isn't the point. A person getting it will pass it to someone who is at risk of death.",,,,,,,,,,,,,,,,,,,,,,,,,,,,,,,,,,,,,
4807630394,@atrupar,,,,,,,,,,,,,,,,,,,,,,,,,,,,,,,,,,,,,
8.33E+17,"@Jayinprovidence I think itâ€™s cool that youâ€™d still sell cards if you get corona.  

Most people would probably just try to not drop dead.",,,,,,,,,,,,,,,,,,,,,,,,,,,,,,,,,,,,,
2743055151,@DavidMuir,,,,,,,,,,,,,,,,,,,,,,,,,,,,,,,,,,,,,
3169677799,"@ABC2020 my question is, if you get corona once, can you get it again ?",,,,,,,,,,,,,,,,,,,,,,,,,,,,,,,,,,,,,
9.43E+17,@Surgeon_General,,,,,,,,,,,,,,,,,,,,,,,,,,,,,,,,,,,,,
782582845,@SamiSuzie,,,,,,,,,,,,,,,,,,,,,,,,,,,,,,,,,,,,,
1.00E+18,"@iamknytro I think Iâ€™d rather die , plus if you get corona virus itâ€™s free content ez",,,,,,,,,,,,,,,,,,,,,,,,,,,,,,,,,,,,,
43408096,If,,,,,,,,,,,,,,,,,,,,,,,,,,,,,,,,,,,,,
1370212680,"@elonmusk Looking at USA cases, you're over 600 times more likely to die if you get Corona than if you get the flu. Panic is silly but every citizen of the world should be taking precautions and changing their habits",,,,,,,,,,,,,,,,,,,,,,,,,,,,,,,,,,,,,
1.17E+18,"Just a reminder that you should be completely fine if you get Covid-19, it mainly affects the elderly, but if you do catch it then stay indoors and get medical help as you may recover, but yoy can still spread it",,,,,,,,,,,,,,,,,,,,,,,,,,,,,,,,,,,,,
1.16E+18,@socaloverrated2,,,,,,,,,,,,,,,,,,,,,,,,,,,,,,,,,,,,,
130732980,"@WaifuDS Did you know that if you get Corona virus, your butt explodes and then you can erp no more?",,,,,,,,,,,,,,,,,,,,,,,,,,,,,,,,,,,,,
1.22E+18,"If you catch Corona at an airport is it a..terminal illness.
I'll leave.",,,,,,,,,,,,,,,,,,,,,,,,,,,,,,,,,,,,,
2390097782,Normally,,,,,,,,,,,,,,,,,,,,,,,,,,,,,,,,,,,,,
9.54E+17,"@zipelCS If you get corona and have to quarantine for 14 days, you should do a giveaway every day of quarantine ðŸ˜œðŸ™ƒðŸ˜†",,,,,,,,,,,,,,,,,,,,,,,,,,,,,,,,,,,,,
7.07E+17,#lbc,,,,,,,,,,,,,,,,,,,,,,,,,,,,,,,,,,,,,
37100781,"If you get corona , you just a dirty ass mf ðŸ˜­ðŸ˜­ https://t.co/HIvy3H3vvC",,,,,,,,,,,,,,,,,,,,,,,,,,,,,,,,,,,,,
616565120,Found,,,,,,,,,,,,,,,,,,,,,,,,,,,,,,,,,,,,,
8.03E+17,"If you get corona just use this, thank me later https://t.co/pfIOveGNse",,,,,,,,,,,,,,,,,,,,,,,,,,,,,,,,,,,,,
823169982,@LukePolitics,,,,,,,,,,,,,,,,,,,,,,,,,,,,,,,,,,,,,
175435868,"Did you know: If you get corona virus at a restaurant, you get the limeâ€™s disease for free! #COVID19",,,,,,,,,,,,,,,,,,,,,,,,,,,,,,,,,,,,,
25837024,"@GMA if you get corona virus once, can you get it again?",,,,,,,,,,,,,,,,,,,,,,,,,,,,,,,,,,,,,
701490216,"fellow Bernie supporters!!! attention!!!

if you get corona 19 virus, you should get in your car, drive to the nearest Whole Foods, drag your body inside, &amp; wait to pass. do *not* use public transit; those ppl are not your enemies. thank you for your service!!",,,,,,,,,,,,,,,,,,,,,,,,,,,,,,,,,,,,,
404345373,"Who the fuck has bought all the bog roll from Tesco? If you get Corona Virus, the last thing youâ€™ll need is a shit!",,,,,,,,,,,,,,,,,,,,,,,,,,,,,,,,,,,,,
1.06E+18,If,,,,,,,,,,,,,,,,,,,,,,,,,,,,,,,,,,,,,
40715320,"@debdevelcro That makes total sense. If you get Covid-19 and don't have Lemsip, you will DIE. But drink three packets and you're safe. That's a well-known fact. ðŸ˜‹",,,,,,,,,,,,,,,,,,,,,,,,,,,,,,,,,,,,,
130973941,"@walkerkpt @KnolesMichael Anyway, wash your hands because if you get COVID-19, Trumpâ€™s CDC isnâ€™t going to even test you.",,,,,,,,,,,,,,,,,,,,,,,,,,,,,,,,,,,,,
1117981316,To,,,,,,,,,,,,,,,,,,,,,,,,,,,,,,,,,,,,,
1.23E+18,@V2019N,,,,,,,,,,,,,,,,,,,,,,,,,,,,,,,,,,,,,
92912139,"Repeat after me -
Nilavembu does not cure corona virus
Homeopathy does not cure corona virus
Ayurveda does not cure corona virus

If you get corona virus there's only supporting treatment available, which you should get and hope for the best.
#coronavirus https://t.co/PCeZdXDoy2",,,,,,,,,,,,,,,,,,,,,,,,,,,,,,,,,,,,,
97272344,"By the way, if you get Corona Virus ðŸ¦  do you pay your own medical bills or is the government covering is all? ðŸ’€ I donâ€™t know why I think the latter would happen",,,,,,,,,,,,,,,,,,,,,,,,,,,,,,,,,,,,,
1.23E+18,"@perrault777 @DrDenaGrayson If you get seasonal flu, you have a 0.1% chance of dying. If you get COVID-19 you have a 2% chance of dying (and a 14% chance of needing hospitalization).   Not many people have died *yet* because the spread of the virus outside of Asia is only just starting. https://t.co/gW5wexIeN3",,,,,,,,,,,,,,,,,,,,,,,,,,,,,,,,,,,,,
141311039,"@el_macs @NCStinn @JacquelynGill Do not mix issues it is terribly stupid &amp; these 2 issues, coronavirus and climate change, are unrelated. Just as deadly, yet there is a short and long term impact of both. If you get Covid-19 &amp; die who cares about climate change and the attention by govtâ€™s/media of that issue.",,,,,,,,,,,,,,,,,,,,,,,,,,,,,,,,,,,,,
832568838,"@PhillyD Phil, YOU can touch for face because the majority of us dont care if you get covid. Love the show &lt;3",,,,,,,,,,,,,,,,,,,,,,,,,,,,,,,,,,,,,
420386544,@MrMasonMills,,,,,,,,,,,,,,,,,,,,,,,,,,,,,,,,,,,,,
263749478,"If you get COVID-19, successfully battle it &amp; recover, can you get it again?",,,,,,,,,,,,,,,,,,,,,,,,,,,,,,,,,,,,,
3396851578,@bustycookie,,,,,,,,,,,,,,,,,,,,,,,,,,,,,,,,,,,,,
8.31E+17,@sayer_of_stuff,,,,,,,,,,,,,,,,,,,,,,,,,,,,,,,,,,,,,
1.19E+18,@DoctorKarl,,,,,,,,,,,,,,,,,,,,,,,,,,,,,,,,,,,,,
1145194213,"Trumps CDC will get us all killed and its being run like a corperation, not an orginization ment to help people. If you catch Corona Virus the CDC blames you, states your liable for catching it.",,,,,,,,,,,,,,,,,,,,,,,,,,,,,,,,,,,,,
1.16E+18,What,,,,,,,,,,,,,,,,,,,,,,,,,,,,,,,,,,,,,
2974317142,"You can have flu-like symptoms for some time, die or be in debt in murica if you get corona.",,,,,,,,,,,,,,,,,,,,,,,,,,,,,,,,,,,,,
19892068,All,,,,,,,,,,,,,,,,,,,,,,,,,,,,,,,,,,,,,
1.21E+18,holy,,,,,,,,,,,,,,,,,,,,,,,,,,,,,,,,,,,,,
14146019,"If you get COVID-19 and recover from it, are you then immune? 

If so, maybe soon there will be co-working spaces for people who have already had it, and donâ€™t want to WFH any more...?",,,,,,,,,,,,,,,,,,,,,,,,,,,,,,,,,,,,,
1.12E+18,I,,,,,,,,,,,,,,,,,,,,,,,,,,,,,,,,,,,,,
8.07E+17,Get,,,,,,,,,,,,,,,,,,,,,,,,,,,,,,,,,,,,,
1849543939,@SRuhle,,,,,,,,,,,,,,,,,,,,,,,,,,,,,,,,,,,,,
285255825,@ctvottawa,,,,,,,,,,,,,,,,,,,,,,,,,,,,,,,,,,,,,
1868007606,@Texasgalz,,,,,,,,,,,,,,,,,,,,,,,,,,,,,,,,,,,,,
9.58E+17,"@shattawalegh Hw3 ne guy guy bi.....go and bring corona wai. If you get corona dier, ur mouth go be like Pm from di asa's pantðŸ˜‚ðŸ˜‚ðŸ˜‚ðŸ˜‚",,,,,,,,,,,,,,,,,,,,,,,,,,,,,,,,,,,,,
232307405,@themouthmatusow,,,,,,,,,,,,,,,,,,,,,,,,,,,,,,,,,,,,,
3303651149,@notC4NARY,,,,,,,,,,,,,,,,,,,,,,,,,,,,,,,,,,,,,
198462886,@jongaunt,,,,,,,,,,,,,,,,,,,,,,,,,,,,,,,,,,,,,
61988380,"""If you get corona virus twice, is it called Dos Equis?"" (2020). #jokes #coronavirus #CoronaBeer #DosEquis
https://t.co/iMHZJa7nT1",,,,,,,,,,,,,,,,,,,,,,,,,,,,,,,,,,,,,
342115041,"...a germaphobe like you should know better! U R out to kill us all! U put money over lives. U care nothing about the American people. You are a liar, a coward &amp; crook! If you get Covid-19 let's see if you show up to work. Who knows maybe someone your working with now has it!",,,,,,,,,,,,,,,,,,,,,,,,,,,,,,,,,,,,,
39138350,@GP_RISES_AGAIN,,,,,,,,,,,,,,,,,,,,,,,,,,,,,,,,,,,,,
252240589,"Washing your hands regularly with soap and water is the MOST effective way to kill germs. Wear gloves on public transport, cough into your elbow, use a hand sanitizer with at least 60% alcohol if you have to. Even if you get Covid-19 itâ€™s HIGHLY unlikely youâ€™ll get srsly ill",,,,,,,,,,,,,,,,,,,,,,,,,,,,,,,,,,,,,
7.80E+17,@soniaaperry,,,,,,,,,,,,,,,,,,,,,,,,,,,,,,,,,,,,,
369832298,"My boss: hey Sean if you get corona good luck with your sick days

Me: https://t.co/NwO2wrtYYu",,,,,,,,,,,,,,,,,,,,,,,,,,,,,,,,,,,,,
7.51E+17,@LisaMarz1,,,,,,,,,,,,,,,,,,,,,,,,,,,,,,,,,,,,,
1.12E+18,@RodTheLeg,,,,,,,,,,,,,,,,,,,,,,,,,,,,,,,,,,,,,
1152474570,@zokatx,,,,,,,,,,,,,,,,,,,,,,,,,,,,,,,,,,,,,
1245084134,"To all WH employees, specially the racist douchebag Miller, yaâ€™ll should continue to go to go to work, even if you catch COVID-19. Your boss @realDonaldTrump says itâ€™s ok. Just a hoax folks, just a hoax. https://t.co/OuQinfiJa7",,,,,,,,,,,,,,,,,,,,,,,,,,,,,,,,,,,,,
1.01E+18,"Guys, if you catch covid-19, please be sure to go to work to get rid if it ASAP. Our great president said that that is a great way to get rid of the virus, so dont worry about spreading it.",,,,,,,,,,,,,,,,,,,,,,,,,,,,,,,,,,,,,
14220791,"@walerikus @nlw Iâ€™m not arguing against the existence of knowledge, skill, willpower or any virtue that impacts personal outcomes. You are arguing against the existence of luck. But if you catch Corona because your nanny coughs in your face, Iâ€™ll humour you and call it inadequacy on your part.ðŸ˜‰",,,,,,,,,,,,,,,,,,,,,,,,,,,,,,,,,,,,,
1.11E+18,@charlot57790100,,,,,,,,,,,,,,,,,,,,,,,,,,,,,,,,,,,,,
7.81E+17,@BrittanyVenti,,,,,,,,,,,,,,,,,,,,,,,,,,,,,,,,,,,,,
261342332,"@realDonaldTrump @SenTomCotton ðŸ˜‚ðŸ˜‚ðŸ˜‚ðŸ˜‚ðŸ˜‚ Tom Cotton?? How about gloating over a REAL expertâ€™s opinion of your bungling of this crisis?? â€œLove him or hate him it doesn't matter, please do not listen to Trump about this. If you get COVID-19 please follow the CDC guidelines to minimize the spread. STAY HOME!â€",,,,,,,,,,,,,,,,,,,,,,,,,,,,,,,,,,,,,
8.45E+17,"@OANN Listen to the STABLE GENIUS he knows more than the WHO and the CDC. If you get CORONA....forget about it...spread that crap to all your friends, family and co-workers.  GET-ER-DONE",,,,,,,,,,,,,,,,,,,,,,,,,,,,,,,,,,,,,
4846029074,@Politidope,,,,,,,,,,,,,,,,,,,,,,,,,,,,,,,,,,,,,
7310462,"@CNBC is busy spreading bad advice. They have an asshole #ThomasPeterffy,  on here saying if you get COVID-19, you stay home sick for 3 to 4 days and you go back to work. NO FUCKER. You stay home 14 days.",,,,,,,,,,,,,,,,,,,,,,,,,,,,,,,,,,,,,
8.77E+17,"This fucking moron saying shit that gets people killed. If you catch COVID-19, for the love of the gods please don't go to work and infect your coworkers. https://t.co/2ioR0dQJkT",,,,,,,,,,,,,,,,,,,,,,,,,,,,,,,,,,,,,
7.70E+17,"If you get corona at comic con, please let me know so I can excommunicate you",,,,,,,,,,,,,,,,,,,,,,,,,,,,,,,,,,,,,
66974835,my,,,,,,,,,,,,,,,,,,,,,,,,,,,,,,,,,,,,,
573017261,@Paul_CNB,,,1d29a8ec2aa78ac2,,,,,,,,,,,,,,,,,,,,,,,,,,,,,,,,,,
3062438416,@thehill,,,,,,,,,,,,,,,,,,,,,,,,,,,,,,,,,,,,,
1460306724,@cxlibri,,,,,,,,,,,,,,,,,,,,,,,,,,,,,,,,,,,,,
20188209,Only,,,,,,,,,,,,,,,,,,,,,,,,,,,,,,,,,,,,,
365053601,"@realDonaldTrump Everyone that works at The White House, if you get COVID-19 you have been cleared by the President to go to work. No sick days!",,,,,,,,,,,,,,,,,,,,,,,,,,,,,,,,,,,,,
9.01E+17,Someone,,,,,,,,,,,,,,,,,,,,,,,,,,,,,,,,,,,,,
2938364362,Recovery,,,,,291,314,https://t.co/Anjuu9nUoo,https://twitter.com/jadenetager/status/1235484568674856960,twitter.com/jadenetager/stâ€¦,,,,,,,,,,,,,,,,,,,,,,,,,,,,
606970808,"@Maggie_McNeill What if you get corona hand, or virus sanitizer?  :-P",,,,,,,,,,,,,,,,,,,,,,,,,,,,,,,,,,,,,
938458261,"If you get Corona just rub some Vicks on it, smh.",,,,,,,,,,,,,,,,,,,,,,,,,,,,,,,,,,,,,
1.03E+18,"@ConorTheDev Eh donâ€™t be, even if you get corona, itâ€™s not that bad. The economic and social consequences are way worse.",,,,,,,,,,,,,,,,,,,,,,,,,,,,,,,,,,,,,
1.06E+18,if,,,,,,,,,,,,,,,,,,,,,,,,,,,,,,,,,,,,,
111365514,How,,,,,,,,,,,,,,,,,,,,,,,,,,,,,,,,,,,,,
28053298,"Hey Matt, beware... if you catch COVID_19 your dick will fall off. If you still have one. https://t.co/vkccOSoWKi",,,,,,,,,,,,,,,,,,,,,,,,,,,,,,,,,,,,,
1.23E+18,"People stop overeacting! If you get Corona you get Corona, and nothings is going to impede that. Especially not this ridiculous notion to not shake hands. Inform yourselves and adress the real virus: FEAR.",,,,,,,,,,,,,,,,,,,,,,,,,,,,,,,,,,,,,
8.74E+17,Praying,,,,,,,,,,,,,,,,,,,,,,,,,,,,,,,,,,,,,
75630251,If,,,,,,,,,,,,,,,,,,,,,,,,,,,,,,,,,,,,,
1.24E+18,"If you get corona, Iâ€™ll still bone ya #justwrapit",,,,,,,,,,,,,,,,,,,,,,,,,,,,,,,,,,,,,
550175595,How,,,,,,,,,,,,,,,,,,,,,,,,,,,,,,,,,,,,,
2749607118,If,,,,,,,,,,,,,,,,,,,,,,,,,,,,,,,,,,,,,
4292305643,@Antonel19657231,,,,,,,,,,,,,,,,,,,,,,,,,,,,,,,,,,,,,
76503306,you,,,,,,,,,,,,,,,,,,,,,,,,,,,,,,,,,,,,,
2833303111,"@cloutonthest Good Luck Man, but even if you get Covid-19 It's just a Flu that is scary because of the unknowns and Social Media panic.. Your Young and Strong! You will be OK!",,,,,,,,,,,,,,,,,,,,,,,,,,,,,,,,,,,,,
22781881,"@TheAuthorGuy @ChadOBrien4 @ribblefizz Correct.  It's like the Grim Reaper makes you play Russian Roulette with a revolver with 100 chambers each year.  Normally there's 1 bullet and 99 empty chambers.

If you get COVID, the Grim Reaper takes back the usual gun and gives you a gun with 30 chambers and one bullet.",,,,,,,,,,,,,,,,,,,,,,,,,,,,,,,,,,,,,
865495316,"Early sources are telling just me that if you get Corona, then you get more money back on your tax returns",,,,,,,,,,,,,,,,,,,,,,,,,,,,,,,,,,,,,
915823166,"@MSNBC @MaddowBlog Dear Don

Public healthcare and public health &amp; welfare programs are not simply programs to aid the less fortunate. They protect us all. Money will not buy your health if you get Corona. And. Your chance of getting it go up with every person infected, rich or poor.

Facts Matter",,,,,,,,,,,,,,,,,,,,,,,,,,,,,,,,,,,,,
17764856,"my dad survived pulmonary fibrosis &amp; a lung xplant only to be killed by H1N1 in â€˜09 so I wish people who say â€œyouâ€™re so healthy youâ€™ll be fine if you get #Covid_19â€ would understand it isnâ€™t getting sick that Iâ€™m afraid of, itâ€™s potentially being an unwitting carrier for 14 days",,,,,,,,,,,,,,,,,,,,,,,,,,,,,,,,,,,,,
32614320,"This lady is an idiot. Yâ€™all really need to STOP. All Asian people dont have Corona! ðŸ¤¬ I died at the second harder cough ðŸ˜‚ And even if you get Corona, there is no guarantee you will die. Just like with the flu ðŸ¤·ðŸ¾â€â™‚ï¸ Should we be cautious? Yes. But donâ€™t be racist please. https://t.co/ZrP27YsdI6",,,,,,,,,,,,,,,,,,,,,,,,,,,,,,,,,,,,,
3997066515,"@RepJimBanks Jim Banks should receive your calls and emails because the House leadership of both parties are looking at 8 billion so if you get Covid 19, you don't get a $4000+ medical bill. Trump's 2billion won't pay for test kits.",,,,,,,,,,,,,,,,,,,,,,,,,,,,,,,,,,,,,
96377403,"Good Luck to everyone going to Mexico for the Gears event. Remember if you get Covid-19 you will not be able to fly home. Make sure you have travel insurance, Viva la Mexico",,,,,,,,,,,,,,,,,,,,,,,,,,,,,,,,,,,,,
1.20E+18,"@adazzlinhaze Thank you!!!!!!say it louder for the people in the back!!!! I think people are being stupid, and thinking your gonna drop dead if you get corona virus ðŸ¤¦ðŸ¾â€â™€ï¸ðŸ¤¦ðŸ¾â€â™€ï¸",,,,,,,,,,,,,,,,,,,,,,,,,,,,,,,,,,,,,
8.04E+17,how,,,,,,,,,,,,,,,,,,,,,,,,,,,,,,,,,,,,,
133081068,@RT_com,,,,,,,,,,,,,,,,158,170,0.98,Person,SCOTT,RIDDELL,198,210,0.7991,Person,PETER,LAVALLE,238,242,0.8401,Person,PETER,245,249,0.9922,Person,TRUMP
20785675,"@CandiCdeBacaD9 @SuePersists For the record... If you get Corona Virus, that's exactly what you deserve. Good luck.",,,,,,,,,,,,,,,,,,,,,,,,,,,,,,,,,,,,,
7.29E+17,"If you get Covid-19 and the flu at the same time, your corpse takes a screenshot",,,,,,,,,,,,,,,,,,,,,,,,,,,,,,,,,,,,,
7.66E+17,"So if you get COVID-19, don't be afraid of dying, just worry about not spreading it. https://t.co/BKLDK3Gfrz",,,,,,,,,,,,,,,,,,,,,,,,,,,,,,,,,,,,,
29227560,@__Criii,,,,,,,,,,,,,,,,,,,,,,,,,,,,,,,,,,,,,
612817687,"Said to lad at work that if you get Corona virus Boris is making it legal to pay sick pay from the first day of sickness. The daft twat turns around and says â€˜fuck that I just wonâ€™t tell anyone and come in, rather get a full wageâ€™ Nice to know heâ€™s thinking of everyone else ðŸ–•ðŸ¼ðŸ–•ðŸ¼",,,,,,,,,,,,,,,,,,,,,,,,,,,,,,,,,,,,,
8.03E+17,If,,,,,,,,,,,,,,,,,,,,,,,,,,,,,,,,,,,,,
797466918,"That's some nice gacha rates 

Better hope if you get corona you ain't got ex luck lmao https://t.co/j67z9d5ZvF",,,,,,,,,,,,,,,,,,,,,,,,,,,,,,,,,,,,,
26037757,@stevehpix,,,,,,,,,,,,,,,,,,,,,,,,,,,,,,,,,,,,,
386302583,"@CandiCdeBacaD9 Based on your own admission â€œif you get corona virus, youâ€™ll attend every MAGA rally in hopes of infecting millionsâ€ if so, then by all accounts, MAGA participants have the right to protect themselves by any means necessary to neutralize the threat. Good luck with that.",,,,,,,,,,,,,,,,,,,,,,,,,,,,,,,,,,,,,
182182866,@MrHoward,,,,,,,,,,,,,,,,,,,,,,,,,,,,,,,,,,,,,
27224716,@moanchiko,,,,,,,,,,,,,,,,,,,,,,,,,,,,,,,,,,,,,
524414280,If,,,,,,,,,,,,,,,,,,,,,,,,,,,,,,,,,,,,,
507624692,Canâ€™t,,,,,,,,,,,,,,,,,,,,,,,,,,,,,,,,,,,,,
1.05E+18,"In 1918 people starved in their homes bc their friends and family were so afraid of the flu that they didnâ€™t help.

A promise to my ppl: if you get COVID-19 I will make soup and drop it on your doorstep. 

Thatâ€™s if thereâ€™s anything left in the shops for me to make soup with ðŸ˜",,,,,,,,,,,,,,,,,,,,,,,,,,,,,,,,,,,,,
58009859,"@PaytonMckayla14 @bad_KATtitude_ Hard to get numbers. And this is not really my area, but... 
It looks like last year's flu had a mortally rate of about 0.9%.
Initial numbers for corona had the mortality rate at &gt;7%. 
So if you get corona you're 7x more likely to die than you are if you get the flu.

Cont.",,,,,,,,,,,,,,,,,,,,,,,,,,,,,,,,,,,,,
1.00E+18,"@Trinitydraco1 I'm sure it's very frustrating. I just think people need to calm down a bit and be rational. Panic buying 200 rolls of toilet paper, as we've seen in Australia, isn't going to help you if you catch covid-19.",,,,,,,,,,,,,,,,,,,,,,,,,,,,,,,,,,,,,
1106794422,"If you or a friend are heading out this way for the conventions, please take precautions to ensure the health and safety of you and those around you. Keep in mind that you would be the only one affected if you catch Covid-19, youâ€™ll be putting others at risk as well.",,,,,,,,,,,,,,,,,,,,,,,,,,,,,,,,,,,,,
8.51E+17,@KEEMSTAR,,,,,,,,,,,,,,,,,,,,,,,,,,,,,,,,,,,,,
8.92E+17,"@GOPChairwoman @realDonaldTrump If you get covid 19, you have yourself to blame",,,,,,,,,,,,,,,,,,,,,,,,,,,,,,,,,,,,,
3938771114,"This does not represent the number of people affected or that have died.  This number represents the chance somebody will die if they get it.   

IE: If you get the flu there is less than 0.1% chance you might die.
If you get COVID-19 there is a 2% chance you might die. (more)",,,,,,,,,,,,,,,,,,,,,,,,,,,,,,,,,,,,,
401098282,"Asked my pharmacist whats she is planning on suggesting to take if you get Corona. She said: ""a lime"".",,,,,,,,,,,,,,,,,,,,,,,,,,,,,,,,,,,,,
1.23E+18,"@senatemajldr If you get COVID-19, tongue kiss a GOP Senator in gratitude",,,,,,,,,,,,,,,,,,,,,,,,,,,,,,,,,,,,,
1.07E+18,@FameSS4L,,,,,,,,,,,,,,,,,,,,,,,,,,,,,,,,,,,,,
20510293,All,,,,,,,,,,,,,,,,,,,,,,,,,,,,,,,,,,,,,
303297813,"If you get COVID, but mild symptoms, simply quarantine yourself. The ER canâ€™t provide rapid diagnosis &amp; we have no cure to offer. Supportive care is key. For mild cases, thatâ€™s best done @ home. Please donâ€™t infect the vulnerable around you by being out &amp; about. WASH YOUR HANDS.",,,,,,,,,,,,,,,,,,,,,,,,,,,,,,,,,,,,,
187127647,"@DEAADSEA So you WANTED the flu? That's pretty different bro, can't be caught slipping. Now if you get Corona, you'll at least know it's not the flu since the symptoms are essentially the same for both https://t.co/9dowCxUUyv",,,,,,,,,,,,,,,,,,,,,,,,,,,,,,,,,,,,,
1.22E+18,If,,,,,,,,,,,,,,,,,,,,,,,,,,,,,,,,,,,,,
1.17E+18,"The retarded kids at my school thinks if you get corona you'll just be dead in like a week, please save me",,,,,,,,,,,,,,,,,,,,,,,,,,,,,,,,,,,,,
27995543,If,,,,,,,,,,,,,,,,,,,,,,,,,,,,,,,,,,,,,
173293635,"@InfiniteVman idk why anyone hasnâ€™t thought of this. Plus, if you get corona virus on your skin you could just wash it off ðŸ¤·â€â™‚ï¸",,,,,,,,,,,,,,,,,,,,,,,,,,,,,,,,,,,,,
1.19E+18,If,,,,,,,,,,,,,,,,,,,,,,,,,,,,,,,,,,,,,
7.01E+17,My,,,,,,,,,,,,,,,,,,,,,,,,,,,,,,,,,,,,,
438904521,@FalafelmyWaffle,,,,,,,,,,,,,,,,,,,,,,,,,,,,,,,,,,,,,
107886205,"@CandiCdeBacaD9  If you get COVID-19,  attend a Biden rally.  You could infect all 14 people in attendance.",,,,,,,,,,,,,,,,,,,,,,,,,,,,,,,,,,,,,
8.25E+17,"For those of you with a history of heart disease, this is a helpful article regarding treatment of hyper coagulation (â€œblood thickeningâ€ as my Granny wouldâ€™ve said) if you catch #Covid_19  https://t.co/Qye02NNTgv",,,,,,,,,,,,,,,,,,,,,,,,,,,,,,,,,,,,,
1.11E+18,@atombee,,,,,,,,,,,,,,,,,,,,,,,,,,,,,,,,,,,,,
3630955033,if,,,,,,,,,,,,,,,,,,,,,,,,,,,,,,,,,,,,,
2383240116,"@Burgo0806 I donâ€™t understand why people are mass buying toilet paper? We wonâ€™t have a shortage of it, and itâ€™s not exactly useful if you get corona virus. Whatâ€™s sparked this? Pure stupidity? ðŸ¤¦ðŸ»â€â™‚ï¸",,,,,,,,,,,,,,,,,,,,,,,,,,,,,,,,,,,,,
1.10E+18,"@suchiislife Fam, good luck init. If you catch corona I will send you a postcard",,,,,,,,,,,,,,,,,,,,,,,,,,,,,,,,,,,,,
7.11E+17,"@m_bruntz @stillirise1963 PS:  Iâ€™m a physician.  The threat needs to be taken seriously, but we should not panic.  Prevention is the same as for the common cold, and even if you get corona most likely you will have a relatively mild illness.  DO tell your local health dept if you think you are exposed.",,,,,,,,,,,,,,,,,,,,,,,,,,,,,,,,,,,,,
2402681041,If,,,,,,,,,,,,,,,,,,,,,,,,,,,,,,,,,,,,,
55514310,@TuckerGoodrich,,,,,,,,,,,,,,,,,,,,,,,,,,,,,,,,,,,,,
526812184,"@EthanWavyyy @jasminjoestar @krickenn @confused_shrek It's TRUE though. If you get COVID-19, itll weaken your immune system and make you easily susceptible to catching the flu which could worsen your case of COVID and take up a space on a hospital for a longer amount of time. @jasminjoestar stop talking out your ass please",,,,,,,,,,,,,,,,,,,,,,,,,,,,,,,,,,,,,
1.14E+18,@CandiCdeBacaD9,,,,,,,,,,,,,,,,,,,,,,,,,,,,,,,,,,,,,
1.13E+18,@MikeyCobban,,,,,,,,,,,,,,,,,,,,,,,,,,,,,,,,,,,,,
1.10E+18,@BringMeTheUries,,,,,,,,,,,,,,,,,,,,,,,,,,,,,,,,,,,,,
8.40E+17,@lil__benadryl,,,,,,,,,,,,,,,,,,,,,,,,,,,,,,,,,,,,,
32679851,"Me: if you get corona virus, you have to stay in your house for 2 wks
My sister: ok so youâ€™re saying I should fake corona virus so I can get time off
Me: ummm no",,,,,,,,,,,,,,,,,,,,,,,,,,,,,,,,,,,,,
223924844,What,,,,,,,,,,,,,,,,,,,,,,,,,,,,,,,,,,,,,
2988780564,@sudhirchaudhary,,,,,,,,,,,,,,,,,,,,,,,,,,,,,,,,,,,,,
9.03E+17,@imBagsy,,,,,,,,,,,,,,,,,,,,,,,,,,,,,,,,,,,,,
1.09E+18,@RepArmstrongND,,,,,,,,,,,,,,,,,,,,,,,,,,,,,,,,,,,,,
3073553441,really,,,,,,,,,,,,,,,,,,,,,,,,,,,,,,,,,,,,,
20281395,@EtanSmallman,,,,,,,,,,,,,,,,,,,,,,,,,,,,,,,,,,,,,
34856675,@sylmobile,,,,,,,,,,,,,,,,,,,,,,,,,,,,,,,,,,,,,
1.16E+18,"@gtconway3d So you think that you should not get the flu vaccine so that you are protected from that which makes you less likely to die if you get corona? He isnâ€™t asking if the flu vaccine prevents coronavirus, he is asking if getting the flu vaccine helps you stay healthier to fight corona",,,,,,,,,,,,,,,,,,,,,,,,,,,,,,,,,,,,,
1.09E+18,Medicare,,,,,,,,,,,,,,,,,,,,,,,,,,,,,,,,,,,,,
1242678758,Why,,,,,,,,,,,,,,,,,,,,,,,,,,,,,,,,,,,,,
3185550709,@KrissyRubbles,,,,,,,,,,,,,,,,,,,,,,,,,,,,,,,,,,,,,
164343635,"@alpaca5alpha Tbh, even if you catch Corona. You're not gonna die, unless your immune system is weak. So, no worries. Plus, surely, you've been vaccinated. ðŸ¤£",,,,,,,,,,,,,,,,,,,,,,,,,,,,,,,,,,,,,
159820528,@stevens_carl,,,,,,,,,,,,,,,,,,,,,,,,,,,,,,,,,,,,,
9.71E+17,"As it is, it's a slightly higher than mild flu, with a maybe 1% lethality according to some complicated metrics. Chances are if you catch COVID-19 you wouldn't notice it as different from the flu. If you're healthy, you'll recover.",,,,,,,,,,,,,,,,,,,,,,,,,,,,,,,,,,,,,
1.08E+18,"@_LadySavior_ @ZaiMcReedus @pinkberry_Rxx29 @AMCTalkingDead @TWD_FanTW @JDMorgan @NegansMiz @NeganTrash @Lucky_TwoFive @Negan_Love there's no reason to worry if you're young and healthy. death rates are very low for people between 0 and 49. even if you get corona, chances are you'll get better real soon",,,,,,,,,,,,,,,,,,,,,,,,,,,,,,,,,,,,,
3491788163,Question,,,,,,,,,,,,,,,,,,,,,,,,,,,,,,,,,,,,,
1.23E+18,"If you catch COVID-19, chances are youâ€™re thinking of something other than ending your relationship with your spouse, but... 
â€œAll these husbands and wives who travel will now have to spend time with the person theyâ€™re married to.â€â€ â¦â© #Divorce â¦ https://t.co/J2aZzxF6kP",,,,,,,,,,,,,,,,,,,,,,,,,,,,,,,,,,,,,
1.12E+18,"@GageTipton @Sarah_Leonidas @zenman07 @IAMTOMMACDONALD They dont mutate that frequently its more like every 3-5 years, like car chassises. If you get corona or the vaccine (assuming it is implemented and released next season) youll be good for a few years assuming this was the start of this current iteration.",,,,,,,,,,,,,,,,,,,,,,,,,,,,,,,,,,,,,
121209711,If,,,,,,,,,,,,,,,,,,,,,,,,,,,,,,,,,,,,,
239140810,Trump,,,,,,,,,,,,,,,,,,,,,,,,,,,,,,,,,,,,,
1.19E+18,@tazunaz,,,,,,,,,,,,,,,,,,,,,,,,,,,,,,,,,,,,,
147754032,"I am guessing by a lot of news stores, if you get Corona Virus you are in danger of shitting yourself to death?",,,,,,,,,,,,,,,,,,,,,,,,,,,,,,,,,,,,,
111815877,"@jspotila This article is negligent, misleading, and dangerous. It does not offer a realistic picture of what to expect as an ME patient if you get COVID-19, and is missing critical preparation steps that all #pwME should take. I am happy to share my thoughts with you.",,,,,,,,,,,,,,,,,,,,,,,,,,,,,,,,,,,,,
8.09E+17,"@MichelleKalehz1 Consider writing a press release including a statement that you won't be doing interviews. If you get COVID, media will report your story via Twitter anyway. Writing a release gives you control over what they say.

Your follower count is high, so people are gonna know anyway.",,,,,,,,,,,,,,,,,,,,,,,,,,,,,,,,,,,,,
27889066,Just,,,,,,,,,,,,,,,,,,,,,,,,,,,,,,,,,,,,,
1091251658,If,,,,,,,,,,,,,,,,,,,,,,,,,,,,,,,,,,,,,
38006602,Blame,,,,,,,,,,,,,,,,,,,,,,,,,,,,,,,,,,,,,
61756284,â€œStop,,,,,,,,,,,,,,,,,,,,,,,,,,,,,,,,,,,,,
406513179,"Just to be clear here - IF you get Corona, it is your intent to infect as many innocent people as you can at a Trump rally? Is that your plan? 

YOU need to be removed from Twitter.... YOU are being reported for threats that are criminal in nature. https://t.co/BLB9ylAFHc",,,,,,,,,,,,,,,,,,,,,,,,,,,,,,,,,,,,,
1.20E+18,If,,,,,,,,,,,,,,,,,,,,,,,,,,,,,,,,,,,,,
264837248,@bayernjeff,,,,,,,,,,,,,,,,,,,,,,,,,,,,,,,,,,,,,
1264088300,#BBCYourQuestions,,,,,,,,,,,,,,,,,,,,,,,,,,,,,,,,,,,,,
1878488269,@ArmeenaRK,,,,,,,,,,,,,,,,,,,,,,,,,,,,,,,,,,,,,
2827211946,If,,,,,,,,,,,,,,,,,,,,,,,,,,,,,,,,,,,,,
21336172,"@GMA @DrJAshton If you get corona virus, are you immune from getting it from others again",,,,,,,,,,,,,,,,,,,,,,,,,,,,,,,,,,,,,
4797239976,"Covers everything, including even if you get Corona... There is no healthcare bill with more details. #bernie2020 #CoronaOutbreak  https://t.co/B8wK1nJjwJ",,,,,,,,,,,,,,,,,,,,,,,,,,,,,,,,,,,,,
1.21E+18,"@sandy_more @Nehr_who Will you try Gomutra spray if you get Corona? send your Ajay aka ""yogi"" to Wuhan to teach Yoga so that they can be saved from Corona, what kind of foolish leaders you have? hope you are proud of them as brainless bhakts",,,,,,,,,,,,,,,,,,,,,,,,,,,,,,,,,,,,,
8.03E+17,"@TheSaiyanFamily It still means if you get corona, you have a 2% chance of dying

It's pretty bad, but panicking will make it worse",,,,,,,,,,,,,,,,,,,,,,,,,,,,,,,,,,,,,
2446215823,"@P90Ed @neontaster Yes, if you get COVID-19, drink Lysol.",,,,,,,,,,,,,,,,,,,,,,,,,,,,,,,,,,,,,
7.59E+17,@iam_ven12,,,,,,,,,,,,,,,,,,,,,,,,,,,,,,,,,,,,,
4054883662,"Na only twuale people dey do now ooo no more hand shakeðŸ˜, but shey na true say if you get corona virus you go fit buy Toyota Corolla ðŸ¤”? 
#saynotocoronavirusinnigeria 
#coronavirÃ¼s 
#coveryournoseandmouth letâ€™s fightâ€¦ https://t.co/6of4z3Oo1g",,,,,,,,,,,,,,,,,,,,,,,,,,,,,,,,,,,,,
183901143,"@hankgreen If you get covid-19, are you now immune to it?",,,,,,,,,,,,,,,,,,,,,,,,,,,,,,,,,,,,,
1.18E+18,"@YpsiGal @AynRandPaulRyan @realDonaldTrump itâ€™s not ebola. if you get corona you have less than a 1% chance of dying with medical help. unless you donâ€™t have a doctor or really poor health conditions, you should be worried. this is from cnn. https://t.co/j45HGZE2mv",,,,,,,,,,,,,,,,,,,,,,,,,,,,,,,,,,,,,
801276811,"@doctor_oxford @BorisJohnson Well now your â€˜fabulousâ€™ PM tells you youâ€™ll be ok if you catch corona virus you feel deeply assured, NOT!",,,,,,,,,,,,,,,,,,,,,,,,,,,,,,,,,,,,,
104452821,"@DrAmirKhanGP Doctor if you have had the pneumonia vaccine will this help if you catch Corona virus?
#coronavirusuk",,,,,,,,,,,,,,,,,,,,,,,,,,,,,,,,,,,,,
324158094,if,,,,,,,,,,,,,,,,,,,,,,,,,,,,,,,,,,,,,
434412880,"@ChelseaClinton @devisridhar @CNN Yea but if you get corona, you still live longer then Epstein did before your parents had him kill himself",,,,,,,,,,,,,,,,,,,,,,,,,,,,,,,,,,,,,
8.06E+17,"Whatâ€™s truly frightening...how many like myself are on catastrophic health care policies, meaning if you get Covid 19 youâ€™re health or hospital coverage doesnâ€™t kick in until youâ€™re in the $8-$11k range. Thatâ€™ll wipe a lot of us out.  https://t.co/Ze2EQyAVWM",,,,,,,,,,,,,,,,,,,,,,,,,,,,,,,,,,,,,
360366169,If,,,,,,,,,,,,,,,,,,,,,,,,,,,,,,,,,,,,,
24212955,"Question I haven't seen answered yet: 

If you get COVID-19 (and live), is it a one-and-done like the chicken pox or is this something you can do over and over like the flu or the common cold?",,,,,,,,,,,,,,,,,,,,,,,,,,,,,,,,,,,,,
197337714,"Chances are you fall into a group where if you catch COVID-19 you'll be fine but then it's not about you. It's about limiting exposure to those who won't be fine, those with respiratory conditions like my three year old son or the elderly like my grandparents.",,,,,,,,,,,,,,,,,,,,,,,,,,,,,,,,,,,,,
58023582,"@AliceFromQueens Well, actually, if you get corona virus, it doesn't imply you'll be sick.   There's a special chamber in your body and until it votes with a 2/3 majority, you only fail the test.",,,,,,,,,,,,,,,,,,,,,,,,,,,,,,,,,,,,,
556243695,"@N0t_Ur_Avg_Joe @RAberden @therealrahdigga And what do you plan to do if you get Covid-19, drink a bottle of Lysol?",,,,,,,,,,,,,,,,,,,,,,,,,,,,,,,,,,,,,
783653682,"@CNN @ABC @NBCNews can you publish stories on what to expect if you get corona and how to treat it? If its spread is inevitable, prepare us donâ€™t just scare us! #Coronavius",,,,,,,,,,,,,,,,,,,,,,,,,,,,,,,,,,,,,
2225284229,"okay if you get corona and get cured, can i still carry the virus and make other people sick or not ðŸ¤”",,,,,,,,,,,,,,,,,,,,,,,,,,,,,,,,,,,,,
368456019,Here's,,,,,,,,,,,,,,,,,,,,,,,,,,,,,,,,,,,,,
8.30E+17,"@stanbillyjoel If you catch corona, corona gonna catch these hands ðŸ’ªðŸ˜¤",,,,,,,,,,,,,,,,,,,,,,,,,,,,,,,,,,,,,
279270981,"And if you get corona-virus and no one cares if you do, remember what you said wishing harm on others. https://t.co/YZrg5uGYNa",,,,,,,,,,,,,,,,,,,,,,,,,,,,,,,,,,,,,
1385462898,@johninsc1,,,,,,,,,,,,,,,,,,,,,,,,,,,,,,,,,,,,,
8.49E+17,"@jeezyjeezy1 What ever happened to Aids? ...bird flu, Ebola, stars, swine, monkey flu, oogabalooga flu?? Just think, if you get Corona Flu you won't get it again. What ever happened to Serial Killers?",,,,,,,,,,,,,,,,,,,,,,,,,,,,,,,,,,,,,
165768442,"Not really. If you get COVID- 2019 and you rich, then you get good hospital care and mechanical ventilation if needed and likelt survive. Poor still suffer more. https://t.co/DwrfsUw6mC",,,,,,,,,,,,,,,,,,,,,,,,,,,,,,,,,,,,,
171074747,If,,,,,,,,,,,,,,,,,,,,,,,,,,,,,,,,,,,,,
18717602,@necroking48,,,,,,,,,,,,,,,,,,,,,,,,,,,,,,,,,,,,,
1.19E+18,"if you get corona virus, you're a pussy.",,,,,,,,,,,,,,,,,,,,,,,,,,,,,,,,,,,,,
1.04E+18,"Question:
If you are on 
Medicare
Medicaid
Obama Care
Private Insurance
Will you be fully financially covered if you get Corona Virus?",,,,,,,,,,,,,,,,,,,,,,,,,,,,,,,,,,,,,
180514599,"@MollyJongFast If you get corona, get intravenous vit c",,,,,,,,,,,,,,,,,,,,,,,,,,,,,,,,,,,,,
1.23E+18,@JasonIsbell,,,,,,,,,,,,,,,,,,,,,,,,,,,,,,,,,,,,,
55470744,@NFe065,,,,,,,,,,,,,,,,,,,,,,,,,,,,,,,,,,,,,
8.92E+17,@johncusack,,,,,,,,,,,,,,,,,,,,,,,,,,,,,,,,,,,,,
265659437,@CEGOCGA,,,,,,,,,,,,,,,,,,,,,,,,,,,,,,,,,,,,,
16683,"Jen's thread ðŸ§µ explains the numbers that matter really wellâ€”if you get Covid your week may suck, but you'll live. But odds are, especially in cities, you live near someone who would not be that lucky. https://t.co/RB4OZYaWb5",,,,,,,,,,,,,,,,,,,,,,,,,,,,,,,,,,,,,
7.30E+17,"@cumgod420 @spoo0py Not for young, healthy people. If you get covid-19 it'll probably be like the flu unless you're somehow immunocompromised. I don't want to downplay the disease but should you get it you'll definitely be okay.",,,,,,,,,,,,,,,,,,,,,,,,,,,,,,,,,,,,,
385143966,@jpJones1778,,,,,,,,,,,,,,,,,,,,,,,,,,,,,,,,,,,,,
43954985,"@realDonaldTrump @foxnews ""Expert"" is lying. This year, children are dying from the flu w/o underlying. Also, his list of vulnerable includes half the nation. Lastly, he said if you get COVID-19 your unlikely to get again: so find treatment &amp; CURE, vs vaccine where you profit.",,,,,,,,,,,,,,,,,,,,,,,,,,,,,,,,,,,,,
1.18E+18,"Thanks to deadbeat Gov. Insley, if you get Corona Virus in Washington State, you are dead.",,,,,,,,,,,,,,,,,,,,,,,,,,,,,,,,,,,,,
24566830,"Trump: ""Healthy people, if you get corona virus, you will go through a process and then you'll be fine. 
Also..
""Survival of the fittest"" is a phrase that originated from Darwinian evolutionary theory as a way of describing the mechanism of natural selection.""
#coronavirus",,,,,,,,,,,,,,,,,,,,,,,,,,,,,,,,,,,,,
19730969,Trump,,,,,,,,,,,,,,,,,,,,,,,,,,,,,,,,,,,,,
2654702800,"#hoax Dear God.  Someone please get @realDonaldTrump g
medical help.  He's a mess. If you get Corona Virus  ""You'll go through a process,  but you'll be fine""??  What a f'ing joke",,,,,,,,,,,,,,,,,,,,,,,,,,,,,,,,,,,,,
7.12E+17,@GHS,,,,,,,,,,,,,,,,,,,,,,,,,,,,,,,,,,,,,
126097757,"Using Trumpâ€™s number, you have a 1 in 15 chance of death if you get COVID-19.... https://t.co/eXkl2bRmbb",,,,,,,,,,,,,,,,,,,,,,,,,,,,,,,,,,,,,
114803685,"Sorry in advance to the people I'm at gigs with next week if you get corona

But I am EXCITE https://t.co/ZPh6CHRQdp",,,,,,,,,,,,,,,,,,,,,,,,,,,,,,,,,,,,,
2379892345,"""Did you know if you get Corona Virus, you have a 0.1% chance of dying."" https://t.co/oS8fkYu2qS",,,,,,,,,,,,,,,,,,,,,,,,,,,,,,,,,,,,,
8.19E+17,"@JoePatriot6 Your god wonâ€™t save you if you get COVID-19, but sound medical science might. Idiot.",,,,,,,,,,,,,,,,,,,,,,,,,,,,,,,,,,,,,
3071542677,if,,,,,,,,,,,,,,,,,,,,,,,,,,,,,,,,,,,,,
1.22E+18,"My answer to If you get covid-19, what would you do? https://t.co/WAuB1wr7cL",,,,,,,,,,,,,,,,,,,,,,,,,,,,,,,,,,,,,
17835393,"@deray If you get COVID-19, your lungs may be damaged. If you then get the Flu, your lungs are already compromised, making the Flu more dangerous. The Flu shot protects you from getting the Flu *after* getting COVID-19. It does not protect you from getting COVID-19.",,,,,,,,,,,,,,,,,,,,,,,,,,,,,,,,,,,,,
54978366,@RichieCampbell,,,,,,,,,,,,,,,,,,,,,,,,,,,,,,,,,,,,,
134032275,"I was going to post a dedication to my mum this morning about how she is my hero but then the call came in about using garlic to combat Corona Virus &amp; thatâ€™s where it all went downhill!

The woman said, if you catch corona virus in Nigeria just stay there oo! 

I blame WhatsAppðŸ¤¦ðŸ¾â€â™‚ï¸",,,,,,,,,,,,,,,,,,,,,,,,,,,,,,,,,,,,,
579723272,So,,,,,,,,,,,,,,,,,,,,,,,,,,,,,,,,,,,,,
3497745203,"@Dark_Wizzy_ Honestly you shouldn't worry at all. Even if you get Corona (you won't, there are less cases in Australia than the US right now and ~50% have recovered from their sources) it's not super dangerous, it only has about a 2% mortality rate and the VAST majority of that are-",,,,,,,,,,,,,,,,,,,,,,,,,,,,,,,,,,,,,
366547934,"If you get COVID-19, youâ€™re unlikely to get seriously sick and even less likely to die, especially if you are otherwise healthy. Treat it like a common flu. https://t.co/16Phi0pyhX",,,,,,,,,,,,,,,,,,,,,,,,,,,,,,,,,,,,,
9.60E+17,@madaznfootballr,,,,,,,,,,,,,,,,,,,,,,,,,,,,,,,,,,,,,
259801542,@DeniseMSurvivor,,,,,,,,,,,,,,,,,,,,,,,,,,,,,,,,,,,,,
876811242,@realDonaldTrump,,,,,,,,,,,,,,,,,,,,,,,,,,,,,,,,,,,,,
164808761,@tptAlmanac,,,,,,,,,,,,,,,,,,,,,,,,,,,,,,,,,,,,,
9.83E+17,"Omg what happens if you get COVID-19 AND Borrelia burgdorferi??

You'd have Corona with Lyme!!",,,,,,,,,,,,,,,,,,,,,,,,,,,,,,,,,,,,,
2180161018,"Basically, if you get corona, stay away from old people. https://t.co/rqly1ZLUZ2",,,,,,,,,,,,,,,,,,,,,,,,,,,,,,,,,,,,,
1.15E+18,@Cobalrus,,,,,,,,,,,,,,,,,,,,,,,,,,,,,,,,,,,,,
254807973,"@camden455 Itâ€™s going to make credit easier to obtain and potential tax cuts. Let it burn. Unless you have money in the market, it shouldnâ€™t matter. If you get corona virus, can I have your money?",,,,,,,,,,,,,,,,,,,,,,,,,,,,,,,,,,,,,
1141657644,If,,,,,,,,,,,,,,,,,,,,,,,,,,,,,,,,,,,,,
35764373,@BrandonBeckham_,,,,,,,,,,,,,,,,,,,,,,,,,,,,,,,,,,,,,
19804078,"@cnni Thatâ€™s stupid. But everyone knows that if you get corona virus, it comes with Lyme Disease.",,,,,,,,,,,,,,,,,,,,,,,,,,,,,,,,,,,,,
19531912,"@deray The point is to prevent you from getting the flu, which would put the similar burdens on our society as if you get covid-19. Here is a nice write-up about that:

https://t.co/hdKKYWGTQn",,,,,,,,,,,,,,,,,,,,,,,,,,,,,,,,,,,,,
822693156,What.,,,,,,,,,,,,,,,,,,,,,,,,,,,,,,,,,,,,,
26310293,"in our space, hands touch, faces touch, sweat mingles with tears in an embrace
even your towel hangs over mine on the rail
i guess what i am saying is
if you get covid-19
probably so do i
and vice versa
my love",,,,,,,,,,,,,,,,,,,,,,,,,,,,,,,,,,,,,
4877938803,Good,,,,,,,,,,,,,,,,,,,,,,,,,,,,,,,,,,,,,
219913524,"If you get COVID-19, youâ€™re unlikely to get seriously sick and even less likely to die, especially if you are otherwise healthy.
https://t.co/kVvQNG7gHW",,,,,,,,,,,,,,,,,,,,,,,,,,,,,,,,,,,,,
129670516,"If you catch corona virus and recover, you are still not immune to it.",,,,,,,,,,,,,,,,,,,,,,,,,,,,,,,,,,,,,
95904642,"This moron does not care about you, does not care if you got flooded, does not care if you get Corona virus. All he cares about is himself and his rich friends and as people who probably voted for him got flooded out without any help he helped himself at a Â£25m soiree. Leech ðŸ˜¡ https://t.co/hQAsz9JM7O",,,,,,,,,,,,,,,,,,,,,,,,,,,,,,,,,,,,,
1.17E+18,Omo,,,,,,,,,,,,,,,,,,,,,,,,,,,,,,,,,,,,,
7.93E+17,"If you get Covid-19 and break quarantine to own Trump supporters, then you're allowed to be shot https://t.co/TCIVaAZCqa",,,,,,,,,,,,,,,,,,,,,,,,,,,,,,,,,,,,,
56465053,"If you listen to most of the media and @TheDemocrats you would think that if you get Covid-19 #CoronaVirus that you are a dead man walking.  No wonder the stock markets are in a panic. 

The US has over 300m people and only 60 have tested positive. Be situationally aware.",,,,,,,,,,,,,,,,,,,,,,,,,,,,,,,,,,,,,
123043985,"@ida_skibenes If you get Corona virus you should drink Corona beer. You will still be sick, but at least you won't care.",,,,,,,,,,,,,,,,,,,,,,,,,,,,,,,,,,,,,
45509536,"@Jemappelleamie @TomJChicago @greatJ87 Ok so what? You are still more likely to catch the flu. And if you catch Corona itâ€™s likely mild symptoms unless you have an immune condition or are a senior. And yes he altered a map. Big deal. Bernie praises communist leaders, Obama/Benghazi? I chose to support Trump.",,,,,,,,,,,,,,,,,,,,,,,,,,,,,,,,,,,,,
357095477,"Just waiting till next week to see how much the H10 hotel in tenerife gonna cost,,,get on it folks, and if you catch corona virus, dont worry , it cant be worse than man flu, and anyway, just drink your way through it ðŸ‘ðŸ‘ðŸ‘",,,,,,,,,,,,,,,,,,,,,,,,,,,,,,,,,,,,,
27174446,"@heavawood well, if you get corona Iâ€™ll get lymes with you.",,,,,,,,,,,,,,,,,,,,,,,,,,,,,,,,,,,,,
7.96E+17,"MSM canâ€™t share the information that you will likely be fine if you get COVID-19. If people knew that you couldnâ€™t have them screaming in a panic as if the bubonic plague has returned. Anything to take down this president. 

 #PutThatInYourPipe",,,,,,,,,,,,,,,,,,,,,,,,,,,,,,,,,,,,,
426740738,@CAN_Divine,,,,,,,,,,,,,,,,,,,,,,,,,,,,,,,,,,,,,
8.18E+17,"@badniggafela ðŸ˜‚ðŸ˜‚ðŸ˜‚ if you get Corona, just die in your house to escape bullet",,,,,,,,,,,,,,,,,,,,,,,,,,,,,,,,,,,,,
495181463,@jola_adebayor,,,,,,,,,,,,,,,,,,,,,,,,,,,,,,,,,,,,,
136605187,@D_oluwale,,,,,,,,,,,,,,,,,,,,,,,,,,,,,,,,,,,,,
1.18E+18,"I was just thinking that if you get Corona virus, &amp; if you care about Britainâ€™s future should you try to meet Brexitâ€™s architect, Nigel Farage... I then realised how poorly thought out &amp; down right nasty this was: no-one deserves to be exposed to the horrible virus, FarageðŸ˜œ https://t.co/9tETBPiQOH",,,,,,,,,,,,,,,,,,,,,,,,,,,,,,,,,,,,,
1.20E+18,"@realDonaldTrump @FoxNews With 44 million Americans who can't afford Medical Insurance,, who can't get Medicaid,,, if you get Corona Virus,, don't worry,, Hug a Republican,,,,",,,,,,,,,,,,,,,,,,,,,,,,,,,,,,,,,,,,,
19843630,"@yarbsalocin yes, though i think the challenge here is a different one - it's likely the CFR is less than 1% - so the odds are even if you get COVID, you won't die - but since a lot of people might get it, a lot of people will die - this induces a kind of cognitive dissonance",,,,,,,,,,,,,,,,,,,,,,,,,,,,,,,,,,,,,
20939863,"@marcorubio If you get Corona, it'll be a political story.

If Trump gets it, or Pence, it'll be a comedy.

If an ordinary citizen gets it, it will be sad and bad.",,,,,,,,,,,,,,,,,,,,,,,,,,,,,,,,,,,,,
783420150,Man,,,,,,,,,,,,,,,,,,,,,,,,,,,,,,,,,,,,,
8.55E+17,"@JohnRMoffitt @joshuafett75 If you get Corona virus, go out and get Lyme disease too.",,,,,,,,,,,,,,,,,,,,,,,,,,,,,,,,,,,,,
1.14E+18,"@Lowco2525 People are scared. Face masks are already selling out and there may not be enough for healthcare workers. 

Please only wear respirators and face masks if you are ill. 

If you get COVID-19 you could choose to shave or just stay home and practice basic hygiene",,,,,,,,,,,,,,,,,,,,,,,,,,,,,,,,,,,,,
9.95E+17,@jin_ipurpleyou,,,,,,,,,,,,,,,,,,,,,,,,,,,,,,,,,,,,,
313673678,@weirdmedicine,,,,,,,,,,,,,,,,,,,,,,,,,,,,,,,,,,,,,
9.76E+17,"half of me: Coronavirus? already canâ€™t breathe 90% of the time whatâ€™s new 
other, more anxious half of me: dude you have asthma and are terrified of asthma attacks if you get corona youâ€™re dead for sure FOr sURE.",,,,,,,,,,,,,,,,,,,,,,,,,,,,,,,,,,,,,
7.04E+17,"If you get Covid-19 an Evangelical will come to your house, lay their hands on you and hit you up for your grocery money. https://t.co/K5dsPzvO0C",,,,,,,,,,,,,,,,,,,,,,,,,,,,,,,,,,,,,
33919623,"@KMBCKindle if you catch â€œCorona Beer Virus,â€ you better bring some for your coworkers ðŸ˜‚ https://t.co/nt9hHV6AX1",,,,,,,,,,,,,,,,,,,,,,,,,,,,,,,,,,,,,
8.64E+17,@BobHunt91,,,,,,,,,,,,,,,,,,,,,,,,,,,,,,,,,,,,,
422008745,"@hobbit179 @altNOAA ...I was only referring to its mortality rate. IF you get Ebola there's a good chance you'll die. If you get COVID-19 and are under 50, odds are in your favor.",,,,,,,,,,,,,,,,,,,,,,,,,,,,,,,,,,,,,
291166332,Imagine,,,,,,,,,,,,,,,,,,,,,,,,,,,,,,,,,,,,,
3186919122,If,,,,,,,,,,,,,,,,,,,,,,,,,,,,,,,,,,,,,
261338992,"More people, so far, get the flu, BUT IF YOU GET Covid 19, YOU ARE 20 TIMES MORE LIKELY TO DIE, than if you get the flu, THIS IS IMPORTANT.",,,,,,,,,,,,,,,,,,,,,,,,,,,,,,,,,,,,,
1.23E+18,"Imagine if you catch corona virus and you donâ€™t die but now you owe $100,000,000 for treatment cus the health care system is a scam... Iâ€™d rather die",,,,,,,,,,,,,,,,,,,,,,,,,,,,,,,,,,,,,
9.25E+17,"@hghigenbottom @CTAppeals @AOC As sick as a demented hitler, who lies daily too the public, including his bullshit press conference last night, attempting to again manipulate the stock markets for himself. He doesn't care if you get covid-19 and die, as long as his pockets are lined with your money.ðŸ˜ˆhe's evil",,,,,,,,,,,,,,,,,,,,,,,,,,,,,,,,,,,,,
25538409,"So, If you get COVID-19 and you aren't rich, you're screwed. https://t.co/BKuccJmxMP",,,,,,,,,,,,,,,,,,,,,,,,,,,,,,,,,,,,,
1.18E+18,"@CloisterRes @_GiveWhat_ Well then @_GiveWhat_ is still right, diabetes is one of those you don't wanna have, if you catch COVID-19.",,,,,,,,,,,,,,,,,,,,,,,,,,,,,,,,,,,,,
3049296835,"#WajingaNyinyi #coronaviruskenya 
Are we so naive to see what is happening,a virus with no cure, killed thousands and yet we  let them in. Bwana mheshimiwa if you get Corona there is no India to fly to,we can't risk life's of million due to few corrupt people.#tumechokanajubilee",,,,,,,,,,,,,,,,,,,,,,,,,,,,,,,,,,,,,
1.22E+18,@HollySherborne,,,,,,,,,,,,,,,,,,,,,,,,,,,,,,,,,,,,,
564062537,"1 TRYING TO SYNTHESIZE ALL INFO I HAVE BEEN SEEING ON-LINE ABOUT HOW TO KNOW IF YOU GET COVID-19, AND HOW TO TREAT IT IF EPIDEMIC HERE

IF SEEM TO HAVE A COLD, GOOD IDEA TO SELF ISOLATE, STAY HOME, TAKE IT EASY, LOTS OF REST.

IF YOU DEVELOP A FEVER, ACHES, MORE SEVERE SYMPTOMS",,,,,,,,,,,,,,,,,,,,,,,,,,,,,,,,,,,,,
307938124,"@saffronhowden Do you avoid public transport during flu season? If not, I wouldn't. But that's just me, if you catch COVID-19 I'm not responsible!",,,,,,,,,,,,,,,,,,,,,,,,,,,,,,,,,,,,,
19076365,"So what if you get corona virus due to an underfunding of the pandemic response preparation. At least you have your tax cuts. 
#COVID19 
#TaxScam",,,,,,,,,,,,,,,,,,,,,,,,,,,,,,,,,,,,,
7.34E+17,@matthewaraven,,,,,,,,,,,,,,,,,,,,,,,,,,,,,,,,,,,,,
52317587,"Holy shit, WHO'S incompetent?! You can't even spell the (potential pandemic) virus correctly! Too many syllables, I know...

You're an embarrassment to this PLANET. Maybe if you get COVID-19, you'll care about truth. You are #elderly, after all!

Also, why can't you @MSNBC? WIMP! https://t.co/F4Q1WDEyUu",,,,,,,,,,,,,,,,,,,,,,,,,,,,,,,,,,,,,
17138582,"Health officials insist people shouldn't worry about catching coronavirus but they are talking about a pandemic response plan.

As @LienYeung explains, part of that plan is to ask you to stay home if you catch COVID-19, just like if you had the flu:
https://t.co/KwjRwhB3Ca https://t.co/bL8hwNgJy5",,,,,,,,,,,,,,,,,,,,,,,,,,,,,,,,,,,,,
7.39E+17,"@hotgayscientist 1. If you catch COVID-19 once, are you less susceptible to catch it again in the future? 
2. Has anyone shown immunity to the virus? 
#COVID",,,,,,,,,,,,,,,,,,,,,,,,,,,,,,,,,,,,,
12514782,"@Getsmart4 I was mainly struck by his shortness of breath. Given his ""fake news"" take recently, I wonder whether his docs told him: ""Mr President, you are at risk of death from the ordinary flu; if you get COVID-19, it's much more likely to kill you.""",,,,,,,,,,,,,,,,,,,,,,,,,,,,,,,,,,,,,
1.13E+18,"@richones1 Well, we know how this is gonna go. If you get Covid-19 it's because you don't have enough Jesus. To quote POTUS just now, ""It is what it is."" We're doomed.",,,,,,,,,,,,,,,,,,,,,,,,,,,,,,,,,,,,,
9.36E+17,"So essentially, what trump and his team are telling the American public is, 'We've done everything we can, so if you get corona virus it's you're own fault, not ours. So wash those hands!""",,,,,,,,,,,,,,,,,,,,,,,,,,,,,,,,,,,,,
283895239,"you're supposed to self quarantine for 3 weeks if you get COVID-19

most american workers *literally* cannot afford to do that. they must either go to work sick and expose coworkers to illness, or miss their rent payments/skip groceries and risk being fired

#AmericanCapitalism",,,,,,,,,,,,,,,,,,,,,,,,,,,,,,,,,,,,,
3988198300,Heard,,,,,,,,,,,,,,,,,,,,,,,,,,,,,,,,,,,,,
1010312040,Donâ€™t,,,,,,,,,,,,,,,,,,,,,,,,,,,,,,,,,,,,,
2350858406,"@sailortea_ Totally get that. But youâ€™re fine babe, also, if you get corona Iâ€™m gonna tell them I saw you before you got diagnosed so we can just hang out for two weeks together and play games &amp; eat food in isolation together.",,,,,,,,,,,,,,,,,,,,,,,,,,,,,,,,,,,,,
3294591381,"@chalvalentine If you get corona, our friendship is a wrap. I hope you know",,,,,,,,,,,,,,,,,,,,,,,,,,,,,,,,,,,,,
1.20E+18,"What is Corona Virus and what actually happens if you get #coronavirus ? | IN-DEPTH ANALYSIS â€“ AFTER EFFECTS

https://t.co/ZsvpwxxK2n https://t.co/GW3bXQlT08",,,,,,,,,,,,,,,,,,,,,,,,,,,,,,,,,,,,,
1.07E+18,"So, like what happens if you get Corona? Do you get better if you receive a proper medical treatment or is it like an undefeatable d word situation?",,,,,,,,,,,,,,,,,,,,,,,,,,,,,,,,,,,,,
1.20E+18,"What is Corona Virus and what actually happens if you get #coronavirus  ? | IN-DEPTH ANALYSIS â€“ AFTER EFFECTS

@SrBachchan @narendramodi @PMOIndia @realDonaldTrump @sachin_rt @DhoniFcOfficial
@iamsrk @BeingSalmanKhan @RajatSharmaLive https://t.co/94SIae2xX0",122658025,,,,,,,,,,,,,,,,,,,,,,,,,,,,,,,,,,,,
1.20E+18,@Lrihendry,91,0.9511,Person,Trump,,,,,,,,,,,,,,,,,,,,,,,,,,,,,,,,,
3299062544,@xIceArcher,,,,,,,,,,,,,,,,,,,,,,,,,,,,,,,,,,,,,
1.07E+18,put,,,,,,,,,,,,,,,,,,,,,,,,,,,,,,,,,,,,,
9.45E+17,"Persons working in buildings where the JOC is a tenant have been infected.
If you get corona in Japan, you won't take any responsibility.",,,,,,,,,,,,,,,,,,,,,,,,,,,,,,,,,,,,,
1.16E+18,"@LlennFI @DoctorCrabtasti @KEEMSTAR Oh no no, I'm not disproving that if you get Corona you're guaranteed to be fucked, but I'm just saying. Plus this guy says he lives in new england... where there's only been 1 reported case, but he knows 3 people. Still, I really do hope recovery doesn't worsen as it develops",,,,,,,,,,,,,,,,,,,,,,,,,,,,,,,,,,,,,
388531903,@SteveHofstetter,,,,,,,,,,,,,,,,,,,,,,,,,,,,,,,,,,,,,
7.37E+17,"@Project_Nao Yeah, it gets annoying how much ppl panic about this.. and even IF you catch Corona, chances to heal are good if you dont have a weakened immune system...",,,,,,,,,,,,,,,,,,,,,,,,,,,,,,,,,,,,,
16481548,"@robhon_ OK, so move to China where you can get the great leadership of Chairman Xi. Problem fixed. Take your pal, Alan, with you. OK? I hear Iran is just a great place if you get COVID-19, too. I'm sure we can get a GoFundMe going for you two to pay for your move.",,,,,,,,,,,,,,,,,,,,,,,,,,,,,,,,,,,,,
134276631,"@straczynski Hey @straczynski that link doesnt say anything about mutations that cause heart related symptomology, but that if you get Covid-19, a SECONDARY infection is more likely. Which is well, duh.

Wrong link? Or you misread it?",,,,,,,,,,,,,,,,,,,,,,,,,,,,,,,,,,,,,
7.80E+17,"If you get corona, you prolly a hufflepuff. ðŸ’€ðŸ’€",,,,,,,,,,,,,,,,,,,,,,,,,,,,,,,,,,,,,
8.15E+17,@DoctorTro,,,,,,,,,,,,,,,,,,,,,,,,,,,,,,,,,,,,,
1.20E+18,and,,,,,,,,,,,,,,,,,,,,,,,,,,,,,,,,,,,,,
202366356,"@realDonaldTrump 
You and your handlers are fucking morons.  If you get Covid-19, consider it Karma for your short-sightedness.

""Stable genius,"" my ass. https://t.co/urqCam5i5r",,,,,,,,,,,,,,,,,,,,,,,,,,,,,,,,,,,,,
8.85E+17,@OJessicaNigri,,,,,,,,,,,,,,,,,,,,,,,,,,,,,,,,,,,,,
174220830,Like,,,,,,,,,,,,,,,,,,,,,,,,,,,,,,,,,,,,,
4904455246,"@ChinaDaily If you get Covid 19 in the US, will you be able to keep your job? They're not going to shut down businesses for you. They won't shut down cities. You will walk away with a 400k hospitalization bill.",,,,,,,,,,,,,,,,,,,,,,,,,,,,,,,,,,,,,
174220830,You,,,,,,,,,,,,,,,,,,,,,,,,,,,,,,,,,,,,,
276193153,"@SavinTheBees if you get corona, you spreadin it?",,,,,,,,,,,,,,,,,,,,,,,,,,,,,,,,,,,,,
1.02E+18,@benpow4,,,,,,,,,,,,,,,,,,,,,,,,,,,,,,,,,,,,,
4284231319,"@ConnerHabib Chances are if you get corona virus and your immune compromised, you're dead meat.",,,,,,,,,,,,,,,,,,,,,,,,,,,,,,,,,,,,,
1.07E+18,"@_Razur @not_umce @Takahata101 it is incredibly contagious, we're just saying the virus, despite it's contagion level, has a lower infected death rate than the Flu, if you get Covid 19 unless you have a weak immune system or do nothing to treat you're self at all, you'll probably survive",,,,,,,,,,,,,,,,,,,,,,,,,,,,,,,,,,,,,
470433280,@NightlyPolitics,,,,,,,,,,,,,,,,,,,,,,,,,,,,,,,,,,,,,
3048900145,"Get educated. Understand that if you get COVID-19 (based on the odds, unlikely), you are almost certainly going to be ok. Most cases present with mild symptoms and a full recovery. If you show symptoms of ANY illness, go to the fucking doctor!",,,,,,,,,,,,,,,,,,,,,,,,,,,,,,,,,,,,,
1272951187,"If you catch Covid-19 at GDC then you'll be forced to quarantine yourself. You'll have to work from home and not meet other humans for a month or so.

... 

... that's not a bug, that's a feature ðŸ˜ˆðŸ¤˜",,,,,,,,,,,,,,,,,,,,,,,,,,,,,,,,,,,,,
1251458352,"The national media wants you to believe that the Plague is upon us and we are all going to die. Yet according to Ohio Heath officials and doctors, if you get Corona Virus, stay home &amp; just drink fluids. Sad that the media is yet again causing hysteria. https://t.co/4J75fnOVRL",,,,,,,,,,,,,,,,,,,,,,,,,,,,,,,,,,,,,
77874080,"Trump will literally kill people to make himself look successful. Kids in cages, suburbanites addicted to the opiates a doctor prescribed, and now you, if you catch COVID-19 in America. https://t.co/ETmxjyf6N3",,,,,,,,,,,,,,,,,,,,,,,,,,,,,,,,,,,,,
7.89E+17,@demelegg,,,,,,,,,,,,,,,,,,,,,,,,,,,,,,,,,,,,,
7.15E+17,who,,,,,,,,,,,,,,,,,,,,,,,,,,,,,,,,,,,,,
3306338070,"@Stache2020 @Timcast you are vastly more likely to get the flu (so far) you are 1000X more likely to die if you get Corona.  

if corona spreads, it will make the flu look like sniffles.",,,,,,,,,,,,,,,,,,,,,,,,,,,,,,,,,,,,,
1.21E+18,"Don't worry. If you get Corona virus, Trump will have his crazy spiritual adviser pray it away.
https://t.co/aAesemgSKZ",,,,,,,,,,,,,,,,,,,,,,,,,,,,,,,,,,,,,
4503081149,4,,,,,,,,,,,,,,,,,,,,,,,,,,,,,,,,,,,,,
300466401,"Is anybody in the attendance over 85?

No one.

Framing matters. If you get corona your risk of death might be close to 3%.

But let us frame it some other way: your probability of survival is greater than 97%. Isn't that great?

30/n",,,,,,,,,,,,,,,,,,,,,,,,,,,,,,,,,,,,,
1.13E+18,@iamsaydoon,,,,,,,,,,,,,,,,,,,,,,,,,,,,,,,,,,,,,
1.23E+18,And,,,,,,,,,,,,,,,,,,,,,,,,,,,,,,,,,,,,,
228782448,"@NocturnalTwitch Just get lime disease before you go, that way if you catch corona you'll be gucci. https://t.co/XjAaDHT8ai",,,,,,,,,,,,,,,,,,,,,,,,,,,,,,,,,,,,,
9.95E+17,"@DBMillerIMO No worries.  If you get Corona Virus, just start attending Trump rallies.

Cough into your hands, shake a lot of hands, sneeze high into the air, breathe heavily.",,,,,,,,,,,,,,,,,,,,,,,,,,,,,,,,,,,,,
433680891,"@T_Inglesby Question: obviously ideally if you get COVID-19 you should treat in hospital, but if healthcare system ended up overwhelmed, would home O2 be helpful? What is share of that 20-some % who get virus &amp; need hospitalization, but could survive without advanced meds/ventilation?",,,,,,,,,,,,,,,,,,,,,,,,,,,,,,,,,,,,,
9.30E+17,@realDonaldTrump,,,,,,,,,,,,,,,,,,,,,,,,,,,,,,,,,,,,,
8.14E+17,"@NetworksManager And if you get Corona a second time, your chances of death skyrocket. N95 and N97 mask will definitely help protect the mouth and nose. Surgical mask leave huge gaps on the side.",,,,,,,,,,,,,,,,,,,,,,,,,,,,,,,,,,,,,
162640273,So,,,,,,,,,,,,,,,,,,,,,,,,,,,,,,,,,,,,,
156529873,If,,,,,,,,,,,,,,,,,,,,,,,,,,,,,,,,,,,,,
1.23E+18,If,,,,,,,,,,,,,,,,,,,,,,,,,,,,,,,,,,,,,
7372922,"@jonatack I don't know what ""coverage"" refers to in this case, but: (1) they will cover medical costs if. you get corona virus while abroad, (2) they will reimburse you up to your insured amount e.g. if you end up going back home early due e.g. to gov't issued restrictions.",,,,,,,,,,,,,,,,,,,,,,,,,,,,,,,,,,,,,
563257632,"Yeah the fatality rate so far is like 2% while smth like ebola is 50% so even if you get covid-19, you have a low chance of dying. As long as you have a strong enough immune system, you can recover. Itâ€™s if you donâ€™t have  any medical attention, then it could be more dangerous + https://t.co/t6d6ryy3Ik",,,,,,,,,,,,,,,,,,,,,,,,,,,,,,,,,,,,,
7355442,@411sarah,,,,,,,,,,,,,,,,,,,,,,,,,,,,,,,,,,,,,
2677668020,@Lisawal2630,,,,,,,,,,,,,,,,,,,,,,,,,,,,,,,,,,,,,
1547356578,If,,,,,,,,,,,,,,,,,,,,,,,,,,,,,,,,,,,,,
1.12E+18,If,,,,,,,,,,,,,,,,,,,,,,,,,,,,,,,,,,,,,
273025545,@Shawn5614,,,,,,,,,,,,,,,,,,,,,,,,,,,,,,,,,,,,,
1.14E+18,@nikkilambx,,,,,,,,,,,,,,,,,,,,,,,,,,,,,,,,,,,,,
1.21E+18,@WHO,,,,,,,,,,,,,,,,,,,,,,,,,,,,,,,,,,,,,
1114421756,"This is why if you get corona, kerokan will heal chu in a day https://t.co/6QTmE8tIDc",,,,,,,,,,,,,,,,,,,,,,,,,,,,,,,,,,,,,
581208856,"If you get corona virus where I am, itâ€™s 2 members of my family that would nurse you. So far theyâ€™ve received a big box (not sure whatâ€™s in it) &amp; a file to read..thatâ€™s it!
We have an airport here &amp; every local store has sold out of masks
Itâ€™s not confidence building",,,,,,,,,,,,,,,,,,,,,,,,,,,,,,,,,,,,,
2512976012,@LesFloyd,,,,,,,,,,,,,,,,,,,,,,,,,,,,,,,,,,,,,
577254683,"@daddyhope @WHO This government doesnâ€™t care if you catch corona virus , as long they and their families are safe",,,,,,,,,,,,,,,,,,,,,,,,,,,,,,,,,,,,,
352033267,"â€œIf you get corona virus just drink a Modelo. Duh ðŸ™„â€ - AD, 6th grade",,,,,,,,,,,,,,,,,,,,,,,,,,,,,,,,,,,,,
1.07E+18,"@BrandonBukas @Helen4Humanity @Trumper4Yang @AndrewYang Do you also spend your time panicking about what you'll do if you get struck by lightning, if there's an earthquake, if Godzilla comes to your town, if you catch Corona virus, if the McDonald's ice cream machine never gets fixed.......... Calm down. Just wait and see.",,,,,,,,,,,,,,,,,,,,,,,,,,,,,,,,,,,,,
1.16E+18,"If you get Corona Virus, please stay there with it. https://t.co/bZ5kNF1ujU",,,,,,,,,,,,,,,,,,,,,,,,,,,,,,,,,,,,,
9.58E+17,@DanaClaire88,,,,,,,,,,,,,,,,,,,,,,,,,,,,,,,,,,,,,
211438055,If,,,,,,,,,,,,,,,,,,,,,,,,,,,,,,,,,,,,,
25541952,@HiddenCash,,,,,,,,,,,,,,,,,,,,,,,,,,,,,,,,,,,,,
1198843272,@nyy_cate,,,,,,,,,,,,,,,,,,,,,,,,,,,,,,,,,,,,,
58141709,"My little cousin, David, 12 years old: you know if you get corona virus you need to get Lyme disease
Me: why?
David: Because corona is good with lime!!",,,,,,,,,,,,,,,,,,,,,,,,,,,,,,,,,,,,,
2360438225,If,,,,,,,,,,,,,,,,,,,,,,,,,,,,,,,,,,,,,
1527604130,@curious25698516,,,,,,,,,,,,,,,,,,,,,,,,,,,,,,,,,,,,,
2959461503,i,,,,,,,,,,,,,,,,,,,,,,,,,,,,,,,,,,,,,
64395081,"While discussing what serious measures we have to take inorder to avoid being infected, I almost punched my labmate who said ""Even if you catch corona virus, it is God's will."" https://t.co/99Jd21PFYm",,,,,,,,,,,,,,,,,,,,,,,,,,,,,,,,,,,,,
1.22E+18,"Some fake Godman has his twitter bota now tweeting big time about meat and China.

Iâ€™m assuming if you get corona virus, youâ€™ll pray and cure it. Get lost low life",,,,,,,,,,,,,,,,,,,,,,,,,,,,,,,,,,,,,
3324813223,"If you get corona virus, just make sure you go get bit by a tick as well. Everyone knows you canâ€™t have corona without a little lyme. #Dadjokes",,,,,,,,,,,,,,,,,,,,,,,,,,,,,,,,,,,,,
9.91E+17,@Reuters,,,,,,,,,,,,,,,,,,,,,,,,,,,,,,,,,,,,,
8.53E+17,do,,,,,,,,,,,,,,,,,,,,,,,,,,,,,,,,,,,,,
1.05E+18,If,,,,,,,,,,,,,,,,,,,,,,,,,,,,,,,,,,,,,
1.16E+18,If,,,,,,,,,,,,,,,,,,,,,,,,,,,,,,,,,,,,,
1.12E+18,@HershelGreene1,,,,,,,,,,,,,,,,,,,,,,,,,,,,,,,,,,,,,
1.20E+18,"If you get Corona, kiss me so I die with you",,,,,,,,,,,,,,,,,,,,,,,,,,,,,,,,,,,,,
1465140156,"So if you get corona, youâ€™re likely to die because thereâ€™s no treatment? Maybe in missing something https://t.co/i0WQnYpMd2",,,,,,,,,,,,,,,,,,,,,,,,,,,,,,,,,,,,,
1727474605,@MazzaDammit,,,,,,,,,,,,,,,,,,,,,,,,,,,,,,,,,,,,,
1286992668,You,,,,,,,,,,,,,,,,,,,,,,,,,,,,,,,,,,,,,
8.49E+17,@Anuhkin_,,,,,,,,,,,,,,,,,,,,,,,,,,,,,,,,,,,,,
8.57E+17,@ChrisO2_,,,,,,,,,,,,,,,,,,,,,,,,,,,,,,,,,,,,,
1.21E+18,If,,,,,,,,,,,,,,,,,,,,,,,,,,,,,,,,,,,,,
9.49E+17,@Schtaunkhauser,,,,,,,,,,,,,,,,,,,,,,,,,,,,,,,,,,,,,
9.74E+17,"girl : ""teacher, i have to leave earlier"" 

boy :"" you're sick?""

girl : ""no, i'm okay.. just i have to go

boy : ""okay let's us know if you get corona""

JE HURLE WSH",,,,,,,,,,,,,,,,,,,,,,,,,,,,,,,,,,,,,
337517592,Theyâ€™re,,,,,,,,,,,,,,,,,,,,,,,,,,,,,,,,,,,,,
9.49E+17,@_cara_oshea,,,,,,,,,,,,,,,,,,,,,,,,,,,,,,,,,,,,,
760846482,@MIJC98,,,,,,,,,,,,,,,,,,,,,,,,,,,,,,,,,,,,,
387450878,if,,,,,,,,,,,,,,,,,,,,,,,,,,,,,,,,,,,,,
7.26E+17,If,,,,,,,,,,,,,,,,,,,,,,,,,,,,,,,,,,,,,
7.49E+17,@4Awesometweet,,,,,,,,,,,,,,,,,,,,,,,,,,,,,,,,,,,,,
7.90E+17,if,,,,,,,,,,,,,,,,,,,,,,,,,,,,,,,,,,,,,
2316654102,@MG92__2,,,,,,,,,,,,,,,,,,,,,,,,,,,,,,,,,,,,,
1.17E+18,"@betterknock @LizSzabo Because there are many types of flu and if you make flu it is going to mutate, so cure is useless. Flu's mortality rate is 0.05% and coronavirus's is rising everyday. It is now about 3%. So if you get corona, you are 60 times more likely to die. Soon the number could reach 20%",,,,,,,,,,,,,,,,,,,,,,,,,,,,,,,,,,,,,
2745887578,"@EduShox @spectatorindex But if you get Corona virus AND Lymes disease together, I bet you might change your mind",,,,,,,,,,,,,,,,,,,,,,,,,,,,,,,,,,,,,
2216421948,"@a6doff It was the vampire plague tho, guess this means if you get corona you turn into vampire servant?",,,,,,,,,,,,,,,,,,,,,,,,,,,,,,,,,,,,,
1.16E+18,What,,,,,,,,,,,,,,,,,,,,,,,,,,,,,,,,,,,,,
